BuckleyID	BuckleySeq	NFixDBID	NFixDBSeq	PercIdentity	AlnLength	Mismatches	GapOpens	QueryStart	QueryEnd	SeqStart	SeqEnd	EValue	Score
12295401230433NC_010628_1	nifH	JABXKI010000170.1_15	vnfH	96	297	11	1	1	296	1	297	1.57e-187	1440
12633841264250NC_010814_1	nifH	DIUT01000028.1_20	nifH	75	289	15	2	1	232	1	289	3.04e-131	1038
13962214AY603957_1	nifH	NC_021182.1_3330	nifH	86	272	6	1	1	240	1	272	8.77e-149	1165
1645817270ACKT01000013_1	nifH	NZ_QFFZ01000025.1_39	nifH	59	273	105	4	1	269	1	271	7.58e-103	833
16909M15270_1	nifH	NC_014034.1_568	nifH	95	297	12	2	1	296	1	295	6.35e-184	1427
17122602AH000924_1	nifH	U00090.2_117	nifH	99	296	2	1	1	295	1	296	5.55e-190	1471
1717AB027751_1	nifH	JAFNAS010000019.1_52	anfH	73	274	27	1	1	228	1	274	1.45e-127	1001
1780AB191046_1	nifH	NZ_CP045875.1_2188	nifH	89	284	7	1	1	259	1	284	2.91e-160	1251
1789AB191045_1	nifH	NZ_WBXO01000004.1_19	nifH	88	287	6	2	1	262	1	284	2.67e-158	1237
19014921902346NC_009012_1	nifH	NC_009012.1_1638	nifH	87	284	0	1	1	248	1	284	5.91e-157	1226
19792857AJ299453_1	nifH	NZ_CP009288.1_1206	nifH	98	292	6	1	1	291	1	292	9.87e-188	1454
2121075U53362_1	nifH	JAJYPS010000077.1_4	nifH	83	288	47	2	1	286	1	288	3.01e-158	1239
2381116M73020_1	nifH	NZ_FOFJ01000003.1_49	nifH	99	292	1	2	1	291	1	291	4.7e-187	1449
2411128U49514_1	nifH	NZ_AJLK01000041.1_8	vnfH	99	295	1	1	1	294	1	295	9.03e-194	1485
2411137M15238_1	nifH	NZ_AP018795.1_2349	nifH	97	298	7	2	1	297	1	297	3.96e-185	1436
2431067U68183_1	nifH	NC_022444.1_1199	nifH	99	274	1	1	1	273	1	274	1.68e-178	1384
24523273AF266462_1	nifH	NZ_CM001240.1_3260	nifH	97	273	7	1	1	272	1	273	7.62e-174	1350
2CP001338_1	nifH	NC_011832.1_236	nflH	83	272	0	1	1	227	1	272	1.43e-142	1113
2NC_005296_1	nifH	NZ_CP058907.1_1405	anfH	100	275	0	1	1	274	1	275	5.47e-183	1408
34874350U53363_1	nifH	JAJYPS010000077.1_4	nifH	85	288	42	2	1	286	1	288	2.07e-161	1262
3901277U89346_1	nifH	NZ_AP018207.1_6268	vnfH	96	296	9	2	1	294	1	296	7.69e-188	1442
3951840390NZ_AAAU03000003_1	nifH	NC_021149.1_128	nifH	100	290	0	1	1	289	1	290	1.33e-188	1460
512909513802NC_010628_1	nifH	LXQE01000125.1_187	vnfH	99	297	2	1	1	296	1	297	1.89e-193	1483
5761460K00487_2	nifH	NZ_AUEZ01000168.1_6	nifH	95	237	11	1	1	235	1	237	3.07e-148	1158
6061496X96609_1	nifH	NZ_AOBS01000009.1_54	nifH	97	296	6	2	1	295	1	293	2.27e-184	1430
61130226113909NC_009485_1	nifH	NZ_JABFDM010000005.1_1	nifH	100	295	0	1	1	294	1	295	3.04e-191	1480
6NC_009975_1	nifH	NZ_CP026606.1_930	nflH	89	313	11	1	1	291	1	313	8.71e-183	1414
70954U23507_1	nifH	NZ_AJLK01000041.1_8	vnfH	78	298	57	3	1	293	1	295	4.98e-150	1167
7151772413AAVW01000011_1	nifH	JABXKI010000170.1_15	vnfH	95	298	13	2	1	297	1	297	1.48e-186	1433
7211602X51500_1	nifH	NZ_CP012914.1_936	nifH	100	293	0	1	1	292	1	293	8.95e-190	1469
72970777298042NC_010628_1	nifH	JAHHHH010000012.1_74	vnfH	77	326	32	2	1	284	1	326	1.12e-160	1246
8819989026NZ_ACCN01000006_1	nifH	NC_012881.1_449	nifH	90	275	0	1	1	248	1	275	1.88e-161	1258
9701848AJ515294_1	nifH	NZ_CP011114.1_3302	vnfH	91	292	1	1	1	267	1	292	2.42e-173	1334
AAEW02000007_1	nifH	NZ_AAEW02000007.1_89	nifH	99	292	1	1	1	291	1	292	1e-191	1483
AB011907_1	nifH	JAEYKI010000006.1_109	anfH	50	275	4	2	1	142	1	275	6.92e-70	573
AB011925_1	nifH	NZ_SNYS01000005.1_389	nflH	50	266	5	2	1	139	1	266	2.38e-68	564
AB079631_1	nifH	NZ_AQPH01000002.1_92	vnfH	50	292	6	2	1	152	1	292	6.15e-74	600
AB094963_1	nifH	NZ_CP030047.1_7534	nifH	88	294	0	2	1	260	1	294	1.01e-163	1277
AB188123_1	nifH	NZ_AXWS01000007.1_490	nifH	72	290	28	7	1	238	1	290	1.06e-117	940
AB189641_1	nifH	NZ_NHSN01000005.1_21	nifH	100	291	0	1	1	290	1	291	4.28e-190	1471
AB196476_1	nifH	NZ_CP011930.1_2832	nifH	100	292	0	1	1	291	1	292	1.6e-189	1467
AB196525_1	nifH	NZ_JACVHF010000011.1_41	nifH	100	284	0	1	1	283	1	284	1.8e-184	1429
AB233495_1	nifH	UEGQ01000002.1_63	nifH	82	296	12	2	1	254	1	296	1.52e-147	1159
AB273242_1	nifH	LIUG01000026.1_12	nifH	51	272	0	2	1	140	1	272	2.54e-68	570
AB273263_1	nifH	NZ_AORV01000038.1_18	nifH	50	272	5	2	1	140	1	272	3.52e-65	547
AB273270_1	nifH	DBRO01000109.1_32	nifH	50	272	5	2	1	140	1	272	4.82e-65	546
AB273300_1	nifH	DBRO01000109.1_32	nifH	50	272	5	2	1	140	1	272	2.57e-65	548
AB273305_1	nifH	NZ_JHYD01000046.1_43	nifH	50	272	3	2	1	140	1	272	1.52e-66	557
AB273340_1	nifH	AP010656.1_637	nifH	50	274	4	2	1	142	1	274	2.79e-68	570
AB273344_1	nifH	LR026962.1_650	nifH	50	274	6	2	1	142	1	274	6.49e-67	560
AB273357_1	nifH	NZ_AORV01000038.1_18	nifH	50	272	4	2	1	140	1	272	1.37e-65	550
AB273359_1	nifH	NZ_AEEA01000066.1_60	nifH	50	274	5	2	1	142	1	274	1.22e-66	558
AB273367_1	nifH	LR026962.1_650	nifH	50	274	5	2	1	142	1	274	9.83e-68	566
AB273391_1	nifH	NZ_AORV01000038.1_18	nifH	50	272	4	2	1	140	1	272	1e-65	551
AB273396_1	nifH	NC_015577.1_2585	nifH	50	274	6	2	1	142	1	274	1.22e-66	558
AB273409_1	nifH	QKAR01000145.1_49	nifH	50	274	4	2	1	142	1	274	7.93e-69	574
AB273439_1	nifH	LBCX01000114.1_4	nifH	52	274	0	2	1	142	1	274	1.82e-70	586
AB489138_1	nifH	NZ_CP004078.1_3099	nifH	82	290	16	1	1	253	1	290	1.81e-151	1187
AB519450_1	nifH	NZ_JAFG01000014.1_1	nifH	88	264	24	1	1	255	1	264	4.51e-146	1146
ABAJ01000001_1	nifH	NC_009706.1_1718	anfH	79	275	0	1	1	217	1	275	4.15e-135	1055
ABHB01000001_1	nifH	NZ_JANUCR010000003.1_31	nflH	83	278	1	1	1	231	1	278	7.33e-147	1145
ACIM02000001_1	nifH	JAKLEQ010000029.1_13	nflH	59	274	106	4	1	271	1	270	8.89e-100	805
ACJM01000023_1	nifH	NZ_ACJM01000023.1_11	nifH	99	273	1	1	1	272	1	273	1.16e-178	1385
ACOM01000001_1	nifH	NZ_AP019717.1_418	nifH	100	273	0	1	1	272	1	273	4.48e-179	1388
ACUX02000016_1_1	nifH	NZ_GG700631.1_110	nifH	70	329	0	1	1	229	1	329	9.26e-134	1059
ACYA01000064_1	nifH	NZ_AJLK01000041.1_8	vnfH	75	295	12	2	1	234	1	295	1.14e-137	1072
ACYY01000009_1	nifH	NZ_ACYY01000009.1_49	nifH	100	295	0	1	1	294	1	295	7.87e-191	1477
ACZA01000008_1	nifH	NC_019973.1_5727	nifH	99	297	1	1	1	296	1	297	1.79e-191	1482
ADFE01000001_1	nifH	NZ_CM001368.1_475	nifH	100	274	0	1	1	273	1	274	9.06e-183	1415
ADGT01000052_1	nifH	JAJYPS010000077.1_4	nifH	83	290	45	3	1	289	1	288	9.22e-159	1243
ADGX01000041_1	nifH	JAJYPS010000077.1_4	nifH	83	288	48	1	1	287	1	288	3.37e-159	1246
ADVE01000002_1	nifH	NZ_CP023737.1_1729	nifH	100	295	0	1	1	294	1	295	6.23e-192	1485
ADVF01000044_1	nifH	NC_015275.1_445	nifH	100	272	0	1	1	271	1	272	2.62e-177	1375
AE000666_1_1	nifH	PLXT01000077.1_54	anfH	65	275	37	1	1	217	1	275	9.84e-116	914
AE000666_2_1	nifH	NC_000916.1_622	nflH	63	265	0	1	1	166	1	265	3.54e-91	733
AE001437_1	nifH	NC_003030.1_260	nifH	99	272	1	1	1	271	1	272	9.31e-177	1371
AE006469_1	nifH	NZ_JAGIOS010000003.1_580	nifH	100	297	0	1	1	296	1	297	3.99e-193	1494
AE0064701_1	nifH	NC_002932.3_1331	nifH	100	274	0	1	1	273	1	274	1.57e-181	1406
AE008384_1_1	nifH	NZ_CP009516.1_737	nifH	83	273	1	1	1	228	1	273	2.36e-141	1110
AE008384_2_1	nifH	NZ_CP009512.1_828	nflH	86	265	2	1	1	230	1	265	2.95e-144	1125
AE0086922_1	nifH	NC_017262.1_1334	nifH	80	295	1	1	1	236	1	295	3.12e-143	1126
AE0102991_1	nifH	NC_003552.1_4100	nifH	84	273	0	1	1	228	1	273	1.88e-142	1118
AE010299_1_1	nifH	NC_003552.1_1248	anfH	83	275	0	1	1	228	1	275	4.74e-144	1121
AE0171801_1	nifH	NC_002939.5_2781	nifH	80	289	1	1	1	233	1	289	8.12e-142	1115
AE0172822_1	nifH	NZ_JABWGZ010000012.1_16	nifH	100	293	0	1	1	292	1	293	8.95e-190	1469
AE017286_1	nifH	NC_005863.1_15	nifH	100	277	0	1	1	276	1	277	1.06e-182	1415
AECZ01000068_1	nifH	NZ_AECZ01000006.1_4	nifH	100	274	0	1	1	273	1	274	1.71e-182	1413
AESD01000223_1	nifH	NZ_AADV02000024.1_15	nifH	99	296	3	1	1	295	1	296	1.7e-191	1482
AEWJ01000022_1	nifH	NZ_GL876925.1_61	nifH	100	291	0	1	1	290	1	291	1.4e-188	1460
AF012326_1	nifH	NZ_JACJRU010000003.1_292	vnfH	95	298	13	2	1	297	1	296	8.2e-184	1413
AF111110_1	nifH	JANTGD010000128.1_12	nifH	65	242	14	2	1	171	1	242	3.82e-90	730
AF134809_1	nifH	JANTGD010000128.1_12	nifH	65	242	14	2	1	171	1	242	2.79e-90	731
AF167538_1	nifH	NZ_AJLK01000041.1_8	vnfH	79	300	52	4	1	295	1	295	7.43e-154	1195
AF194084_1	nifH	NZ_RZIJ01000004.1_146	nifH	97	300	9	1	1	299	1	300	4.58e-189	1465
AF200742_1	nifH	JAFEDK010000030.1_51	nifH	90	296	25	1	1	296	1	292	2.54e-174	1357
AF325793_1	nifH	NZ_AEEA01000019.1_78	anfH	51	274	1	2	1	142	1	274	3.21e-72	590
AF414621_1	nifH	JACQYN010000073.1_8	nifH	58	221	9	2	1	138	1	221	2.92e-68	566
AF484641_1	nifH	CAIUXT010000226.1_83	nifH	54	239	18	4	1	146	1	239	5.39e-65	544
AF484642_1	nifH	NZ_AUEZ01000168.1_6	nifH	50	237	7	2	1	125	1	237	5.64e-59	498
AF547999_1	nifH	JAKAYF010000064.1_5	nifH	92	291	1	1	1	270	1	291	2.43e-171	1333
AFWT01000001_1	nifH	NZ_AFWT01000020.1_73	nifH	100	291	0	1	1	290	1	291	5.4e-189	1463
AFWU01000015_1	nifH	RZZN01000072.1_7	nifH	93	293	19	1	1	292	1	293	2.82e-180	1400
AFWV01000002_1	nifH	NZ_AFWV01000003.1_365	nifH	100	294	0	1	1	293	1	294	5.44e-191	1478
AGBG01000071_1	nifH	NZ_SMAO01000007.1_113	vnfH	72	293	24	1	1	235	1	293	2.14e-130	1019
AGFC01000063_1	nifH	NC_018012.1_3618	nifH	100	293	0	1	1	292	1	293	3.46e-190	1472
AGFD01000020_1	nifH	JAGRHA010000290.1_18	nifH	71	297	23	2	1	239	1	293	3.1e-128	1017
AGJA01000001_1	nifH	NZ_FNCP01000001.1_339	nifH	79	275	1	1	1	219	1	275	3.43e-133	1050
AGJF01000002_1	nifH	CP007053.1_198	nifH	100	274	0	1	1	273	1	274	7.66e-181	1401
AGJG01000012_1	nifH	NC_018068.1_3914	nifH	79	275	1	1	1	219	1	275	1.82e-133	1052
AGJQ01000010_1	nifH	NC_021184.1_2329	nifH	100	274	0	1	1	273	1	274	5.13e-180	1395
AGSB01000040_1	nifH	NZ_KI912268.1_870	nifH	100	274	0	1	1	273	1	274	9.68e-180	1393
AGSN01000002_1	nifH	NZ_CP015322.1_414	nifH	99	297	1	1	1	296	1	297	1.95e-192	1489
AJ132804_1	nifH	ADZZ01000138.1_15	nifH	100	274	0	1	1	273	1	274	2.5e-179	1390
AJ505313_1	nifH	NZ_MXPU01000067.1_1	nifH	76	257	14	2	1	210	1	257	4.75e-119	945
AJ505315_1	nifH	CAIUXT010000226.1_83	nifH	82	239	15	2	1	210	1	239	1.45e-121	962
AM236084_1	nifH	NZ_WUFT01000009.1_255	nifH	99	297	1	1	1	296	1	297	1.79e-191	1482
AP007255_1	nifH	NC_007626.1_1587	nifH	100	295	0	1	1	294	1	295	1.75e-192	1489
AP008230_1	nifH	NC_011830.1_1044	nifH	79	275	1	1	1	219	1	275	2.73e-134	1058
AP009049_1_1	nifH	NZ_JAGGLM010000008.1_49	nifH	72	272	18	1	1	213	1	272	4.45e-117	932
AP009049_3_1	nifH	NC_009706.1_3067	nifH	73	272	1	1	1	200	1	272	2.48e-118	940
AP010656_1	nifH	AP010656.1_637	nifH	84	274	0	1	1	229	1	274	7.19e-146	1143
AP0109041_1	nifH	NC_012796.1_1986	nifH	100	274	0	1	1	273	1	274	4.06e-181	1403
AP011112_1	nifH	NC_013799.1_1134	nifH	80	279	0	1	1	223	1	279	6.49e-138	1085
AP012048_1	nifH	NZ_CP041403.1_76	nifH	74	304	19	1	1	244	1	304	3.12e-138	1091
AP012279_1	nifH	NZ_CP041656.1_5036	nifH	99	296	1	1	1	295	1	296	3.48e-192	1487
AP012304_1	nifH	NZ_FTMD01000016.1_48	nifH	95	293	13	1	1	292	1	293	1.29e-182	1417
AP012320_1	nifH	NZ_SLXD01000012.1_77	nifH	100	293	0	1	1	292	1	293	8.95e-190	1469
AY221823_1	nifH	JAJYNB010000044.1_1	nifH	51	226	15	2	1	131	1	226	7.27e-59	497
AY318755_1	nifH	NZ_CP034451.1_3576	nifH	80	304	5	2	1	256	1	297	6.95e-149	1169
AY422706_1	nifH	KL662192.1_73	nifH	77	298	12	2	1	240	1	298	1.77e-138	1092
AY445594_1	nifH	NC_014833.1_2466	nifH	87	285	0	1	1	249	1	285	2.62e-158	1236
AY526257_1	nifH	JAEZJK010000009.1_1	nifH	50	222	15	3	1	125	1	222	2.25e-50	434
AY526277_1	nifH	OMOF01000251.1_5	nifH	50	228	12	2	1	126	1	228	3.56e-56	477
AY601040_1	nifH	JAEUNY010000115.1_1	nifH	64	224	9	3	1	152	1	224	1.3e-78	643
AY601048_1	nifH	CAIQXC010000936.1_5	nifH	54	274	6	2	1	153	1	274	7.53e-75	619
AY603957_1	nifH	NZ_CP009268.1_1372	nifH	84	273	16	1	1	246	1	273	7.72e-149	1166
AY688616_1	nifH	NZ_JAILYH010000057.1_2	nifH	66	242	5	2	1	165	1	242	1.57e-89	725
AY728387_1	nifH	NZ_AP018341.1_1623	nifH	82	290	7	1	1	246	1	290	3.55e-150	1177
AY912109_1	nifH	NZ_AUFO01000017.1_22	nifH	84	288	1	1	1	242	1	288	4.15e-150	1176
AY934871_1	nifH	NZ_FOVU01000015.1_61	nifH	83	294	7	2	1	251	1	294	2.59e-151	1186
AY934873_1	nifH	NZ_CP034999.1_526	nifH	83	297	5	2	1	251	1	297	5.24e-151	1184
AY934874_1	nifH	NZ_CP083372.1_93	nifH	82	297	9	2	1	252	1	297	2.62e-150	1179
AY943644_1	nifH	NZ_JAILYH010000057.1_2	nifH	52	243	16	3	1	143	1	242	8.13e-63	528
AY967762_1	nifH	NZ_PRDB01000002.1_556	nifH	68	293	1	2	1	199	1	293	1.06e-114	915
BA000012_1	nifH	NZ_QGGH01000015.1_79	nifH	99	297	1	1	1	296	1	297	6.91e-192	1485
BX5716601_1	nifH	NZ_CP041403.1_76	nifH	65	304	46	2	1	243	1	304	7.11e-119	950
CABR01000056_1	nifH	JAJYMO010000044.1_11	nifH	84	296	0	1	1	248	1	296	3.23e-154	1207
CACA01000066_1	nifH	DYNF01000061.1_3	nifH	90	301	28	2	1	299	1	301	1.48e-179	1396
CAHP01000046_1	nifH	NZ_AQPH01000002.1_92	vnfH	98	292	5	1	1	291	1	292	6.42e-188	1442
CP0000271_1	nifH	NC_002936.3_1093	nifH	100	274	0	1	1	273	1	274	1.82e-179	1391
CP000089_1	nifH	DDXB01000046.1_49	nifH	92	298	21	2	1	295	1	298	8.22e-179	1390
CP000099_1_1	nifH	NZ_CP009526.1_2659	anfH	79	275	0	1	1	217	1	275	5.7e-135	1054
CP000099_2_1	nifH	NZ_CP009526.1_860	nifH	83	273	1	1	1	228	1	273	2.57e-142	1117
CP000099_3_1	nifH	NZ_CP009526.1_670	nflH	68	265	1	1	1	181	1	265	6.22e-103	820
CP000108_1	nifH	JAFGMZ010000066.1_3	nifH	97	274	8	1	1	273	1	274	1.54e-177	1377
CP0001421_1	nifH	NC_007498.2_2166	nifH	100	292	0	1	1	291	1	292	4.51e-190	1471
CP000148_1	nifH	NC_007517.1_668	nifH	99	289	1	1	1	288	1	289	4.12e-187	1449
CP000230_1	nifH	NC_007643.1_1036	nifH	100	295	0	1	1	294	1	295	2.41e-192	1488
CP0002391_1	nifH	NZ_JACJRQ010000032.1_53	vnfH	83	298	42	3	1	291	1	297	1.65e-163	1265
CP000249_1	nifH	JAJYPS010000077.1_4	nifH	85	288	42	2	1	286	1	288	5.82e-162	1266
CP000254_1	nifH	NC_007796.1_855	nflH	100	280	0	1	1	279	1	280	2.58e-182	1407
CP0002711_1	nifH	NC_007952.1_1551	nifH	100	293	0	1	1	292	1	293	8.95e-190	1469
CP000301_2_1	nifH	NZ_JACHIH010000016.1_89	nifH	100	300	0	1	1	299	1	300	3.12e-192	1488
CP0004631_1	nifH	JACRJB010000068.1_88	anfH	99	275	2	1	1	274	1	275	1.42e-182	1405
CP000463_1_1	nifH	CADAHD010000483.1_2	nflH	50	291	71	2	1	216	1	291	4.37e-83	680
CP0004711_1	nifH	JADGCQ010000067.1_2	nifH	90	296	30	1	1	295	1	296	4.07e-175	1363
CP0004821_1	nifH	NC_008609.1_3428	nifH	81	288	0	1	1	232	1	288	2.17e-142	1119
CP0004921_1	nifH	NC_008639.1_772	nifH	100	274	0	1	1	273	1	274	1.14e-181	1407
CP0005291_1	nifH	NC_008781.1_2354	nifH	100	296	0	1	1	295	1	296	6.56e-192	1485
CP0005441_1	nifH	NZ_NHSN01000005.1_21	nifH	96	291	10	1	1	290	1	291	3.56e-184	1428
CP000559_1_1	nifH	CP076745.1_469	nflH	58	271	88	3	1	247	1	270	2.7e-94	763
CP000559_2_1	nifH	NC_008942.1_168	nflH	60	268	0	1	1	161	1	268	2.5e-88	712
CP000607_1	nifH	NZ_RXYK01000004.1_50	nifH	100	274	0	1	1	273	1	274	4.06e-181	1403
CP000612_1	nifH	NC_009253.1_3002	nifH	100	272	0	1	1	271	1	272	2.08e-178	1383
CP0006132_1	nifH	NC_011420.2_3515	nifH	100	299	0	1	1	298	1	299	4.81e-194	1501
CP0006161_1	nifH	NZ_CP009632.1_493	nifH	100	293	0	1	1	292	1	293	1.83e-190	1474
CP000661_1	nifH	CADAHD010000483.1_2	nflH	66	292	94	3	1	289	1	291	8.81e-124	983
CP000678_1	nifH	NC_009515.1_1693	nflH	99	265	1	1	1	264	1	265	4.06e-174	1345
CP0006861_1	nifH	NC_009523.1_1294	nifH	100	273	0	1	1	272	1	273	1.09e-181	1407
CP0006981_1	nifH	NC_009483.1_1215	nifH	80	289	1	1	1	233	1	289	1.21e-142	1121
CP0007421_1	nifH	PLXT01000077.1_54	anfH	64	275	41	1	1	217	1	275	2.91e-113	896
CP000742_1	nifH	NC_009634.1_1184	nflH	99	292	1	1	1	291	1	292	8.8e-193	1485
CP000743_1_1	nifH	NC_009635.1_1238	nflH	100	278	0	1	1	277	1	278	4.77e-183	1412
CP0007451_1	nifH	PMGM01000034.1_5	anfH	65	275	39	1	1	217	1	275	8.23e-114	900
CP000745_1	nifH	NZ_JACDUL010000003.1_318	nflH	88	331	1	1	1	291	1	331	9.21e-186	1437
CP0007691_1	nifH	NC_009675.1_3095	nifH	100	288	0	1	1	287	1	288	9.31e-186	1439
CP0007801_1	nifH	NC_009712.1_1172	nifH	100	276	0	1	1	275	1	276	7.82e-180	1394
CP0007811_1	nifH	CP000781.1_145	nifH	100	293	0	1	1	292	1	293	5.16e-191	1478
CP0008201_1	nifH	JAJYPS010000077.1_4	nifH	85	289	40	2	1	288	1	288	4.88e-163	1274
CP000860_1	nifH	JAHFCR010000035.1_17	anfH	76	280	60	2	1	279	1	275	6.25e-142	1110
CP0009302_1	nifH	NC_010337.2_989	nifH	100	284	0	1	1	283	1	284	9.55e-185	1431
CP0009431_1	nifH	NZ_KB900609.1_1170	nifH	98	303	0	2	1	298	1	303	1.07e-190	1477
CP0009641_1	nifH	NZ_CP010523.2_1673	nifH	100	293	0	1	1	292	1	293	1.06e-191	1483
CP000975_1	nifH	NC_010794.1_1621	nifH	100	297	0	1	1	296	1	297	2.3e-194	1503
CP001013_1	nifH	NC_010524.1_1430	nifH	100	293	0	1	1	292	1	293	1.69e-189	1467
CP001046_1	nifH	NZ_JAGIPX010000179.1_3	nifH	100	293	0	1	1	292	1	293	3.46e-190	1472
CP001087_1	nifH	NC_012108.1_971	nifH	79	273	0	1	1	217	1	273	2.26e-133	1051
CP0010891_1	nifH	NC_010814.1_644	nifH	81	288	0	1	1	232	1	288	1.73e-143	1127
CP0010971_1	nifH	NZ_LMBR01000001.1_63	nifH	100	274	0	1	1	273	1	274	1.57e-181	1406
CP0011001_1	nifH	NC_011026.1_1064	nifH	92	274	0	1	1	253	1	274	3.74e-164	1278
CP001100_1	nifH	NC_011026.1_1869	anfH	83	274	0	1	1	228	1	274	1.64e-143	1117
CP0011011_1	nifH	JADHTF010000033.1_18	nifH	92	297	0	1	1	273	1	297	1.96e-177	1378
CP001108_1	nifH	NC_011059.1_1621	nifH	100	274	0	1	1	273	1	274	7.66e-181	1401
CP0011101_1	nifH	NC_011060.1_1961	nifH	100	274	0	1	1	273	1	274	8.33e-182	1408
CP0011241_1	nifH	NC_011146.1_2064	nifH	100	289	0	1	1	288	1	289	8.44e-188	1454
CP0011311_1	nifH	NZ_BAZG01000015.1_38	nifH	99	288	3	1	1	287	1	288	2.62e-186	1443
CP0011321_1	nifH	JAMCRJ010000079.1_5	nifH	100	296	0	1	1	295	1	296	2.33e-191	1481
CP0011471_1	nifH	DKBO01000264.1_9	nifH	75	224	50	1	1	218	1	224	5.52e-116	921
CP001150_1	nifH	NC_007493.2_2164	nifH	100	292	0	1	1	292	1	291	1.61e-189	1467
CP001189_1	nifH	NC_011365.1_1575	nifH	100	298	0	1	1	297	1	298	7.28e-192	1485
CP001192_1	nifH	NZ_JAGIOR010000001.1_1671	nifH	81	295	9	1	1	247	1	295	6.51e-148	1161
CP0011971_1	nifH	NZ_VRYY01000094.1_2	nifH	100	276	0	1	1	275	1	276	9.24e-182	1408
CP0012801_1	nifH	NC_011666.1_3628	nifH	100	293	0	1	1	292	1	293	9.73e-191	1476
CP0012911_1	nifH	NC_011729.1_2117	nifH	99	299	1	1	1	298	1	299	1.86e-194	1504
CP001312_1	nifH	CADAHD010000483.1_2	nflH	66	292	96	3	1	289	1	291	3.12e-123	979
CP0013221_1	nifH	NZ_AUCT01000001.1_186	nifH	100	274	0	1	1	273	1	274	1.54e-177	1377
CP0013381_1	nifH	NC_011832.1_564	nifH	100	276	0	1	1	275	1	276	3.28e-181	1404
CP0013441_1	nifH	NZ_JAIVFR010000244.1_3	vnfH	86	298	40	2	1	297	1	297	7.89e-172	1326
CP001349_1	nifH	NC_011894.1_3950	nifH	100	299	0	1	1	298	1	299	2.16e-192	1489
CP0016142_1	nifH	NC_012997.1_1364	nifH	80	292	0	1	1	234	1	292	1.34e-142	1121
CP001616_1	nifH	NZ_QNRY01000004.1_76	nifH	75	295	15	2	1	237	1	294	9.59e-134	1057
CP0016291_1	nifH	NC_013173.1_829	nifH	100	276	0	1	1	275	1	276	1e-182	1415
CP001654_1	nifH	NZ_CM001857.1_489	nifH	100	293	0	1	1	292	1	293	5.16e-191	1478
CP001666_1_1	nifH	NC_014328.1_462	nifH	78	272	0	1	1	213	1	272	2.09e-130	1029
CP001666_2_1	nifH	NZ_JIBU02000079.1_1	nifH	79	275	10	1	1	228	1	275	7.18e-135	1063
CP001698_1	nifH	NC_014484.1_350	nifH	100	274	0	1	1	273	1	274	6.48e-179	1387
CP001720_1	nifH	NC_013216.1_986	nifH	100	275	0	1	1	274	1	275	8.07e-181	1401
CP001841_1	nifH	NC_015577.1_2585	nifH	100	274	0	1	1	273	1	274	1.44e-180	1399
CP001843_1	nifH	NC_015578.1_1133	nifH	100	280	0	1	1	279	1	280	4.11e-185	1433
CP0018961_1	nifH	NZ_SMAO01000007.1_113	vnfH	98	294	5	2	1	293	1	293	1.8e-187	1439
CP001931_1	nifH	NC_013894.1_435	nifH	80	279	0	1	1	223	1	279	2.3e-137	1081
CP001994_1_1	nifH	NC_014002.1_1391	nflH	100	265	0	1	1	264	1	265	1.33e-172	1334
CP002016_1	nifH	NZ_JAALDK010000003.1_741	nifH	82	293	2	1	1	243	1	293	1.71e-149	1172
CP002048_1	nifH	JAHFCR010000035.1_17	anfH	87	275	35	1	1	274	1	275	1.65e-165	1281
CP002085_1	nifH	NC_014365.1_443	nifH	100	275	0	1	1	274	1	275	8.77e-182	1408
CP002116_1	nifH	NC_014364.1_2995	nifH	100	275	0	1	1	274	1	275	2.09e-180	1398
CP002117_1	nifH	NZ_KN360939.1_51	nifH	100	273	0	1	1	272	1	273	8.45e-179	1386
CP002158_1	nifH	NC_017448.1_1464	nifH	100	281	0	1	1	280	1	281	1.12e-184	1430
CP002160_1	nifH	NC_014393.1_2841	nifH	90	272	1	1	1	245	1	272	6.49e-155	1210
CP002171_1	nifH	NC_014410.1_1865	nifH	74	272	0	1	1	200	1	272	9.94e-123	972
CP002198_1	nifH	NC_014501.1_3655	nifH	99	298	1	1	1	297	1	298	1.18e-193	1498
CP002281_1	nifH	NC_014632.1_1424	nifH	100	279	0	1	1	278	1	279	2.41e-183	1420
CP002292_1	nifH	NC_014664.1_1948	nifH	100	292	0	1	1	291	1	292	1.74e-190	1474
CP002345_1	nifH	NC_014734.1_1374	anfH	83	274	1	1	1	228	1	274	4.63e-144	1121
CP002347_1	nifH	QKFD01000024.1_189	vnfH	69	259	51	2	1	230	1	259	8.01e-116	910
CP002355_1	nifH	JAHJJU010000024.1_38	nifH	65	305	54	3	1	253	1	304	1.28e-118	949
CP002364_1	nifH	NC_014972.1_3037	nifH	100	275	0	1	1	274	1	275	4.65e-182	1410
CP002418_1	nifH	NZ_CP041387.1_3597	nifH	99	298	1	1	1	297	1	298	6.7e-191	1478
CP002433_1	nifH	NC_014840.1_298	nifH	100	293	0	1	1	292	1	293	4.09e-192	1486
CP002547_1	nifH	NC_015172.1_2811	nifH	80	284	0	1	1	228	1	284	4.58e-142	1116
CP002565_2	nifH	NC_015416.1_538	nifH	75	271	1	1	1	204	1	271	8.63e-124	980
CP002629_1	nifH	NC_015388.1_352	nifH	100	274	0	1	1	273	1	274	1.68e-178	1384
CP002683_1	nifH	PJFB01000002.1_333	anfH	63	275	53	2	1	227	1	275	2.33e-111	883
CP002736_1	nifH	NZ_KI912183.1_849	nifH	100	272	0	1	1	271	1	272	4.25e-179	1388
CP002737_1	nifH	JAGSYV010000023.1_39	anfH	68	224	64	2	1	218	1	223	2.87e-101	805
CP002738_1	nifH	NC_015572.1_1471	nifH	80	294	0	1	1	235	1	294	2.97e-143	1126
CP002770_2	nifH	JAHFCR010000035.1_17	anfH	68	275	31	1	1	217	1	275	1.02e-119	943
CP002772_1	nifH	NC_015216.1_1812	anfH	76	275	18	1	1	228	1	275	4.1e-135	1056
CP002780_1	nifH	NC_015589.1_3474	nifH	100	272	0	1	1	271	1	272	7.38e-178	1379
CP002792_1	nifH	JAGSYV010000023.1_39	anfH	72	223	56	1	1	217	1	223	9e-107	845
CP002985_1	nifH	JAAOMR010000125.1_36	nifH	100	295	0	1	1	294	1	295	1.08e-190	1476
CP002987_1	nifH	NC_016894.1_800	nifH	100	273	0	1	1	272	1	273	2.19e-178	1383
CP003065_1	nifH	NC_016627.1_1263	nifH	84	273	0	1	1	228	1	273	7.25e-143	1121
CP003107_1	nifH	NC_016641.1_2548	nifH	99	288	1	1	1	287	1	288	8.02e-188	1454
CP003108_1	nifH	NC_016584.1_4828	nifH	79	275	1	1	1	219	1	275	3.74e-134	1057
CP003153_1	nifH	NZ_SHKM01000002.1_333	nifH	100	291	0	1	1	290	1	291	1.92e-188	1459
CP003220_1	nifH	NC_016803.1_1296	nifH	100	275	0	1	1	274	1	275	1.8e-182	1413
CP003221_1	nifH	NZ_AULZ01000001.1_399	nifH	100	274	0	1	1	273	1	274	1.98e-180	1398
CP003242_1	nifH	NZ_SSOD01000026.1_25	vnfH	70	294	28	1	1	235	1	294	1.46e-129	1013
CP003243_1	nifH	NC_017034.1_141	nifH	88	272	1	1	1	240	1	272	4.77e-153	1196
CP003244_1	nifH	NC_016819.1_109	nifH	100	291	0	1	1	290	1	291	2.09e-189	1466
CP003259_1	nifH	NC_016791.1_2540	nifH	100	273	0	1	1	272	1	273	6.15e-179	1387
CT573213_1	nifH	JAJYPS010000077.1_4	nifH	85	288	42	2	1	286	1	288	5.35e-161	1259
CU459003_1	nifH	NC_023065.1_334	nifH	100	293	0	1	1	292	1	293	9.73e-191	1476
CU633751_1	nifH	NZ_JALHRX010000039.1_4	nifH	100	293	0	1	1	292	1	293	1.83e-190	1474
D00666_1	nifH	NZ_AP018207.1_6303	nifH	89	298	30	2	1	295	1	298	8.58e-172	1339
DQ078751_1	nifH	NZ_LATL02000154.1_15	nifH	99	300	1	1	1	299	1	300	1.43e-194	1505
DQ139406_1	nifH	RSAS01000396.1_3	nifH	51	273	8	2	1	148	1	273	4.34e-71	591
DQ176978_1	nifH	JANTGD010000128.1_12	nifH	81	242	9	2	1	205	1	242	4.8e-121	958
DQ176979_1	nifH	JANTGD010000128.1_12	nifH	78	242	19	2	1	207	1	242	1.06e-114	912
DQ176981_1	nifH	JANTGD010000128.1_12	nifH	58	242	11	2	1	151	1	242	6.78e-75	617
DQ176985_1	nifH	JANTGD010000128.1_12	nifH	83	242	4	2	1	205	1	242	2.41e-124	982
DQ176987_1	nifH	JANTGD010000128.1_12	nifH	64	242	17	2	1	172	1	242	3.72e-86	701
DQ176988_1	nifH	JAKAFS010000101.1_1	nifH	57	232	32	2	1	165	1	232	9.69e-77	631
DQ176989_1	nifH	JACRDG010000112.1_73	nifH	69	274	13	2	1	201	1	274	2.47e-110	882
DQ176990_1	nifH	JAKAFS010000101.1_1	nifH	54	232	37	3	1	162	1	232	4.14e-69	575
DQ176991_1	nifH	JABZFP010000007.1_203	nifH	68	274	7	2	1	193	1	274	3.11e-108	866
DQ176992_1	nifH	QKAU01000017.1_72	nifH	68	273	7	2	1	193	1	273	5.73e-108	864
DQ176994_1	nifH	JANTGD010000128.1_12	nifH	61	242	7	2	1	154	1	242	4.59e-80	655
DQ176995_1	nifH	JANTGD010000128.1_12	nifH	68	242	13	2	1	178	1	242	2.83e-95	768
DQ177002_1	nifH	CAJXSL010000014.1_87	nifH	58	274	6	2	1	165	1	274	1.16e-85	699
DQ177006_1	nifH	CAJXSL010000014.1_87	nifH	61	274	9	2	1	176	1	274	2.01e-91	742
DQ177007_1	nifH	JABZFP010000007.1_203	nifH	54	274	11	2	1	158	1	274	1.97e-76	631
DQ177014_1	nifH	NZ_KE384343.1_64	nifH	60	275	11	2	1	176	1	275	8.74e-93	752
DQ177036_1	nifH	JACQYN010000073.1_8	nifH	73	221	14	2	1	176	1	221	1.07e-97	784
DQ177039_1	nifH	JACQYN010000073.1_8	nifH	59	221	33	2	1	163	1	221	2.4e-72	598
DQ177041_1	nifH	JACQYN010000073.1_8	nifH	61	221	24	2	1	158	1	221	3.06e-76	626
DQ284983_1	nifH	NZ_CP032687.1_270	nifH	88	297	4	2	1	266	1	297	1.51e-165	1291
DQ315787_1	nifH	NZ_CP047242.1_5234	vnfH	100	324	0	1	1	323	1	324	4.1e-212	1623
DQ402814_1	nifH	JACQYN010000073.1_8	nifH	57	221	12	2	1	138	1	221	6.82e-67	556
DQ402833_1	nifH	JACQYN010000073.1_8	nifH	59	221	8	2	1	138	1	221	4.41e-69	572
DQ485715_1	nifH	NZ_VLLA01000047.1_11	nifH	88	294	0	2	1	260	1	294	1.01e-163	1277
DQ520463_1	nifH	JAEZJK010000009.1_1	nifH	51	222	6	2	1	120	1	222	4.09e-54	461
DQ520466_1	nifH	JAEZJK010000009.1_1	nifH	52	222	5	2	1	120	1	222	1.77e-55	471
DQ776421_1	nifH	JACQYN010000073.1_8	nifH	50	221	9	2	1	120	1	221	5.49e-54	460
DS989843_1	nifH	NZ_DS989843.1_36	nifH	100	274	0	1	1	273	1	274	3.74e-180	1396
EF070142_1	nifH	NZ_SPQS01000036.1_25	nifH	82	294	24	4	1	266	1	294	8.52e-149	1169
EF070143_1	nifH	NZ_RDQF01000014.1_71	nifH	87	294	5	2	1	260	1	294	6.19e-162	1264
EF079967_1	nifH	JAGSYV010000023.1_39	anfH	69	224	62	2	1	218	1	223	3.14e-102	812
EF158800_1	nifH	NZ_BAYB01000013.1_182	nifH	96	293	2	1	1	284	1	293	2.67e-182	1414
EF158803_1	nifH	NZ_QLSU01000022.1_103	nifH	90	294	27	3	1	292	1	293	3.26e-163	1276
EF158806_1	nifH	NZ_VJZF01000003.1_1161	nifH	96	293	1	1	1	283	1	293	1e-182	1417
EF158807_1	nifH	NZ_QEOL01000030.1_71	nifH	94	293	4	2	1	280	1	293	3.22e-178	1384
EF165535_1	nifH	NC_012848.1_282	nifH	82	297	4	2	1	249	1	295	7.5e-149	1168
EF394160_1	nifH	CAIUXT010000226.1_83	nifH	51	239	23	2	1	146	1	239	3.99e-62	523
EF394165_1	nifH	CAIUXT010000226.1_83	nifH	69	239	22	3	1	188	1	239	1.85e-95	770
EF414590_1	nifH	CAIUWK010000045.1_11	nifH	65	288	8	2	1	196	1	288	1.64e-107	862
EF414591_1	nifH	JAJXYO010000032.1_10	nifH	52	289	4	2	1	155	1	289	1.33e-76	633
EF414592_1	nifH	JACUTW010000040.1_19	nifH	52	293	4	2	1	155	1	293	1.31e-75	626
EF446916_1	nifH	NZ_MXPU01000067.1_1	nifH	85	257	16	2	1	234	1	257	1.36e-137	1082
EF512288_1	nifH	NZ_AUEZ01000168.1_6	nifH	76	237	11	3	1	192	1	237	3.69e-109	870
EF521045_1	nifH	JAJXYO010000032.1_10	nifH	51	289	3	2	1	149	1	289	6.23e-71	591
EF521047_1	nifH	JAJXYO010000032.1_10	nifH	51	289	5	2	1	151	1	289	6.58e-71	591
EF521048_1	nifH	JAJXYO010000032.1_10	nifH	50	289	4	2	1	149	1	289	3e-70	586
EF521052_1	nifH	JACMKN010000012.1_3	nifH	51	290	1	2	1	149	1	290	3.75e-72	600
EF521060_1	nifH	CAIUXT010000226.1_83	nifH	61	239	20	2	1	165	1	239	9.93e-79	646
EF521073_1	nifH	CAIUXT010000226.1_83	nifH	64	239	12	2	1	164	1	239	1.36e-85	696
EF521092_1	nifH	CAIUXT010000226.1_83	nifH	61	239	12	3	1	157	1	239	1.65e-79	651
EF521109_1	nifH	NZ_AUEZ01000168.1_6	nifH	57	237	11	2	1	147	1	237	3.29e-73	604
EF521119_1	nifH	SLQH01000505.1_2	nifH	54	263	18	2	1	160	1	263	3.09e-76	629
EF521120_1	nifH	CAIUXT010000226.1_83	nifH	65	239	7	2	1	162	1	239	2.65e-86	701
EF560698_1	nifH	JAAXWU010000078.1_9	nifH	51	234	4	2	1	123	1	234	1.04e-59	503
EF570568_1	nifH	NZ_AJLK01000041.1_8	vnfH	80	295	30	1	1	267	1	295	4.61e-150	1165
EU090279_1	nifH	PLAY01000022.1_18	nifH	54	274	2	2	1	149	1	274	1.54e-76	631
EU090288_1	nifH	PLZQ01000133.1_6	nifH	54	274	1	2	1	149	1	274	1.12e-76	632
EU113233_1	nifH	NZ_CP088014.1_7408	nifH	77	294	10	2	1	236	1	294	5.58e-139	1095
EU113235_1	nifH	NZ_AUEZ01000168.1_6	nifH	74	237	26	2	1	202	1	237	2.16e-107	858
EU130421_1	nifH	NZ_JAFCGY010000047.1_12	nifH	81	297	5	2	1	247	1	297	3.62e-148	1163
EU177582_1	nifH	NZ_LLYB01000119.1_19	nifH	88	294	2	2	1	260	1	294	7.33e-164	1278
EU177585_1	nifH	NZ_CP030047.1_7534	nifH	84	294	3	11	1	249	1	294	2.83e-138	1091
EU177586_1	nifH	NZ_VLLA01000047.1_11	nifH	83	294	5	12	1	248	1	294	2.12e-135	1070
EU177587_1	nifH	NZ_AYVY01000043.1_17	nifH	84	297	6	8	1	254	1	297	1.31e-145	1145
EU177591_1	nifH	NZ_CP071458.1_202	nifH	84	292	7	10	1	251	1	292	1.04e-141	1116
EU177594_1	nifH	NZ_CP064191.1_156	nifH	84	297	1	11	1	250	1	297	2.7e-140	1106
EU267717_1	nifH	NZ_LPWA01000161.1_14	nifH	81	297	0	2	1	241	1	297	3.87e-147	1155
EU291975_1	nifH	NZ_JAILYJ010000053.1_1	nifH	73	242	8	2	1	185	1	242	1.01e-106	852
EU407189_1	nifH	NZ_FOCV01000063.1_15	nifH	76	297	0	2	1	226	1	297	1.43e-133	1055
EU514545_1	nifH	NZ_CP050299.1_425	nifH	88	297	18	1	1	280	1	297	9.38e-167	1301
EU542578_1	nifH	NZ_BADL01000543.1_38	nifH	65	263	5	3	1	177	1	263	2.56e-96	777
EU544210_1	nifH	JAEWIS010000031.1_334	nifH	53	288	0	2	1	153	1	288	8.98e-77	634
EU544217_1	nifH	JACQYN010000073.1_8	nifH	61	221	19	2	1	153	1	221	5.7e-74	609
EU622084_1	nifH	NZ_AUEZ01000168.1_6	nifH	78	237	11	2	1	195	1	237	9.34e-115	911
EU693338_1	nifH	JAEUNY010000115.1_1	nifH	55	224	20	2	1	144	1	224	7.75e-66	549
EU693340_1	nifH	JAEUNY010000115.1_1	nifH	56	224	17	4	1	142	1	224	1.89e-65	546
EU707158_1	nifH	NZ_MRDL01000009.1_34	nifH	75	292	9	3	1	229	1	292	1.06e-130	1034
EU707159_1	nifH	NZ_CP071458.1_202	nifH	76	292	7	2	1	229	1	292	6.73e-133	1050
EU707169_1	nifH	NZ_MXPU01000067.1_1	nifH	81	261	14	2	1	230	1	257	5.27e-132	1041
EU770981_1	nifH	NZ_ATTQ01000044.1_13	nifH	87	297	1	2	1	260	1	297	6.65e-162	1264
EU822943_1	nifH	NZ_AUEZ01000168.1_6	nifH	58	237	5	3	1	143	1	237	7.59e-73	601
EU861990_1	nifH	NZ_MLQR01000001.1_357	nifH	51	291	0	2	1	149	1	291	8.75e-74	612
EU863000_1	nifH	JAKACM010000019.1_61	nifH	63	230	35	2	1	180	1	230	1.96e-83	681
EU912886_1	nifH	JACQYN010000073.1_8	nifH	50	221	12	2	1	123	1	221	3.18e-54	462
EU912923_1	nifH	JAKAFS010000101.1_1	nifH	50	232	7	2	1	123	1	232	1.89e-56	479
EU912999_1	nifH	JACQYN010000073.1_8	nifH	50	221	13	2	1	123	1	221	2.32e-54	463
EU913001_1	nifH	JACQYN010000073.1_8	nifH	51	221	10	2	1	123	1	221	2.85e-56	477
EU913059_1	nifH	OMOF01000251.1_5	nifH	50	228	6	2	1	121	1	228	1.49e-55	472
FJ008180_1	nifH	CAIUXT010000226.1_83	nifH	62	239	14	2	1	161	1	239	1.3e-82	674
FJ008185_1	nifH	NZ_BADL01000543.1_38	nifH	59	263	6	2	1	161	1	263	3.29e-83	680
FJ008203_1	nifH	CAIUXT010000226.1_83	nifH	62	239	13	2	1	161	1	239	9.46e-83	675
FJ008241_1	nifH	NZ_MXPU01000067.1_1	nifH	57	257	14	2	1	161	1	257	4.63e-78	642
FJ008256_1	nifH	JAEUNY010000115.1_1	nifH	59	224	16	2	1	148	1	224	2.33e-72	597
FJ008257_1	nifH	NZ_BADL01000543.1_38	nifH	59	263	7	2	1	161	1	263	5.63e-82	671
FJ008267_1	nifH	CAIUXT010000226.1_83	nifH	59	239	21	2	1	161	1	239	1.38e-76	630
FJ008274_1	nifH	CAIUXT010000226.1_83	nifH	59	239	21	2	1	161	1	239	5.21e-80	655
FJ008279_1	nifH	NZ_AUEZ01000168.1_6	nifH	57	237	13	2	1	147	1	237	8.47e-73	601
FJ008283_1	nifH	CAIUXT010000226.1_83	nifH	62	239	12	2	1	161	1	239	6.9e-83	676
FJ008292_1	nifH	CAIUXT010000226.1_83	nifH	62	239	12	2	1	161	1	239	1.14e-84	689
FJ008294_1	nifH	JAEUNY010000115.1_1	nifH	62	224	8	2	1	148	1	224	3.75e-77	632
FJ008309_1	nifH	CAIUXT010000226.1_83	nifH	62	239	12	2	1	161	1	239	9.46e-83	675
FJ008333_1	nifH	DKBO01000264.1_9	nifH	63	224	7	1	1	148	1	224	4.96e-80	653
FJ008366_1	nifH	JAEUHG010000004.1_19	nifH	56	274	9	2	1	162	1	274	5.89e-83	679
FJ008430_1	nifH	DNJC01000006.1_80	nifH	51	289	2	2	1	148	1	289	1.14e-70	589
FJ008443_1	nifH	JADJRE010000011.1_37	nifH	52	310	1	2	1	161	1	310	6.15e-79	652
FJ008445_1	nifH	CAIUXT010000226.1_83	nifH	63	239	11	2	1	161	1	239	3.67e-83	678
FJ008446_1	nifH	JACABD010000025.1_11	nifH	50	289	3	3	1	148	1	289	5.49e-70	584
FJ008451_1	nifH	NZ_BADL01000543.1_38	nifH	54	263	6	3	1	147	1	263	2.27e-70	585
FJ008462_1	nifH	VFJM01000430.1_5	nifH	50	288	4	2	1	148	1	288	1.53e-70	588
FJ008464_1	nifH	CAIUXT010000226.1_83	nifH	65	239	6	2	1	161	1	239	9.12e-86	697
FJ008476_1	nifH	CAJBRY010000230.1_2	nifH	51	287	1	2	1	148	1	287	2.5e-72	601
FJ008482_1	nifH	CAIUXT010000226.1_83	nifH	59	239	20	2	1	161	1	239	2.77e-80	657
FJ008484_1	nifH	JAENWA010000041.1_5	nifH	51	287	1	2	1	148	1	287	7.1e-73	605
FJ008489_1	nifH	JAEUNY010000115.1_1	nifH	61	224	11	2	1	148	1	224	1.81e-76	627
FJ008492_1	nifH	CAIUXT010000226.1_83	nifH	59	239	20	2	1	161	1	239	7.85e-81	661
FJ008493_1	nifH	CAIUXT010000226.1_83	nifH	64	239	8	2	1	161	1	239	2.14e-84	687
FJ008508_1	nifH	UXAT02000012.1_135	nifH	50	300	8	3	1	158	1	300	2.53e-73	610
FJ008509_1	nifH	CAIUXT010000226.1_83	nifH	63	239	11	2	1	161	1	239	4.03e-84	685
FJ008514_1	nifH	CAIUXT010000226.1_83	nifH	63	239	10	2	1	161	1	239	3.22e-85	693
FJ008517_1	nifH	CAIUXT010000226.1_83	nifH	64	239	8	2	1	161	1	239	1.88e-86	702
FJ008526_1	nifH	CAIUXT010000226.1_83	nifH	64	239	8	2	1	161	1	239	1.14e-84	689
FJ008535_1	nifH	NZ_MXPU01000067.1_1	nifH	58	257	13	2	1	161	1	257	2.47e-78	644
FJ008538_1	nifH	CAIUXT010000226.1_83	nifH	60	239	18	2	1	161	1	239	9.79e-80	653
FJ008540_1	nifH	JAEUNY010000115.1_1	nifH	61	224	11	2	1	148	1	224	1.5e-74	613
FJ008546_1	nifH	NZ_AUEZ01000168.1_6	nifH	56	237	15	2	1	147	1	237	5.1e-71	588
FJ008552_1	nifH	CAIUXT010000226.1_83	nifH	59	239	20	2	1	161	1	239	2.52e-79	650
FJ008562_1	nifH	NZ_MXPU01000067.1_1	nifH	54	257	23	2	1	161	1	257	1.52e-73	609
FJ008563_1	nifH	NZ_CP053444.1_109	nifH	54	295	1	2	1	161	1	295	1.27e-79	656
FJ008572_1	nifH	NZ_MXPU01000067.1_1	nifH	58	257	12	2	1	161	1	257	2.47e-78	644
FJ008573_1	nifH	CAIUWK010000045.1_11	nifH	51	288	14	2	1	162	1	288	1.29e-74	619
FJ008581_1	nifH	CAIUXT010000226.1_83	nifH	61	239	16	2	1	161	1	239	4.17e-81	663
FJ170277_1	nifH	NC_013771.1_565	nifH	89	287	1	1	1	256	1	287	5.55e-164	1278
FJ347418_1	nifH	CAIUXT010000226.1_83	nifH	76	240	13	2	1	196	1	239	2.29e-109	872
FJ347419_1	nifH	NZ_CAFJ01000161.1_38	nifH	68	277	9	2	1	196	1	277	7.13e-105	842
FJ347421_1	nifH	NZ_CAFJ01000161.1_38	nifH	67	277	10	2	1	196	1	277	4.75e-104	836
FJ347423_1	nifH	NZ_CAFJ01000161.1_38	nifH	69	277	6	2	1	196	1	277	1.76e-107	861
FJ347426_1	nifH	NZ_CAFJ01000161.1_38	nifH	68	277	7	2	1	196	1	277	9.34e-108	863
FJ347427_1	nifH	NZ_CAFJ01000161.1_38	nifH	66	277	12	2	1	196	1	277	8.15e-103	827
FJ347430_1	nifH	RXJJ01000019.1_29	nifH	69	264	15	2	1	196	1	264	1.57e-102	824
FJ347433_1	nifH	CAIUXT010000226.1_83	nifH	72	240	23	2	1	196	1	239	2.89e-101	813
FJ347434_1	nifH	NZ_CAFJ01000161.1_38	nifH	67	277	10	2	1	196	1	277	2.52e-104	838
FJ347435_1	nifH	CAIUXT010000226.1_83	nifH	75	240	16	2	1	196	1	239	1.28e-106	852
FJ347436_1	nifH	RXJJ01000019.1_29	nifH	71	264	9	2	1	196	1	264	9.54e-108	862
FJ347437_1	nifH	CAIUXT010000226.1_83	nifH	72	240	22	2	1	196	1	239	2.31e-102	821
FJ347445_1	nifH	NZ_CAFJ01000161.1_38	nifH	67	277	11	2	1	196	1	277	4.75e-104	836
FJ347446_1	nifH	RXJJ01000019.1_29	nifH	70	264	11	2	1	196	1	264	1.2e-106	854
FJ347447_1	nifH	NZ_CAFJ01000161.1_38	nifH	66	277	13	2	1	196	1	277	8.93e-104	834
FJ347451_1	nifH	NZ_CAFJ01000161.1_38	nifH	67	277	11	2	1	196	1	277	3.16e-103	830
FJ477442_1	nifH	JABDRL010000192.1_5	nifH	60	291	27	2	1	201	1	291	1.83e-99	804
FJ481884_1	nifH	NZ_JAAKZF010000030.1_62	nifH	78	297	7	2	1	240	1	297	4.22e-141	1111
FJ619295_1	nifH	NZ_JAILYH010000057.1_2	nifH	73	242	9	3	1	185	1	242	5.64e-104	832
FJ619297_1	nifH	NZ_JAILYJ010000053.1_1	nifH	73	242	9	3	1	185	1	242	4.11e-104	833
FJ643445_1	nifH	NZ_MXPU01000067.1_1	nifH	91	257	12	3	1	246	1	257	2.58e-148	1161
FJ648715_1	nifH	CAIUXT010000226.1_83	nifH	61	239	11	2	1	157	1	239	3.74e-81	663
FJ745293_1	nifH	NZ_MXPU01000067.1_1	nifH	72	257	7	3	1	191	1	257	4.32e-106	849
FJ745295_1	nifH	NZ_MXPU01000067.1_1	nifH	85	260	15	2	1	238	1	257	5.38e-137	1078
FJ745296_1	nifH	NZ_MXPU01000067.1_1	nifH	85	259	18	2	1	239	1	257	2.33e-138	1088
FJ745298_1	nifH	CCNC01000179.1_54	nifH	91	297	0	1	1	269	1	297	9.71e-171	1329
FJ807362_1	nifH	CAIUXT010000226.1_83	nifH	76	239	21	2	1	203	1	239	1.92e-112	895
FJ807365_1	nifH	NZ_JAAIYP010000026.1_41	vnfH	67	294	5	2	1	203	1	294	1.76e-116	915
FJ807369_1	nifH	JAEUNY010000115.1_1	nifH	83	224	19	2	1	204	1	224	3.76e-116	921
FJ807372_1	nifH	JAEZHY010000164.1_16	nifH	70	274	11	2	1	204	1	274	2.79e-114	911
FJ807374_1	nifH	WFVK01000137.1_2	nifH	83	223	18	2	1	204	1	223	1.23e-118	939
FJ807375_1	nifH	CAIUXT010000226.1_83	nifH	74	239	25	2	1	203	1	239	6.55e-108	862
FJ807376_1	nifH	DKBO01000264.1_9	nifH	64	224	10	1	1	154	1	224	6.18e-84	682
FJ807377_1	nifH	LFCU01000132.1_6	nifH	68	274	18	2	1	204	1	274	1.56e-111	891
FJ807378_1	nifH	JAEUNY010000115.1_1	nifH	62	224	16	2	1	154	1	224	4.41e-77	632
FJ807379_1	nifH	NC_009464.1_1403	nifH	71	274	7	2	1	202	1	274	1.4e-114	913
FJ807380_1	nifH	JAAXWU010000078.1_9	nifH	73	234	34	2	1	204	1	234	6.57e-109	869
FJ807382_1	nifH	CAIYOB010000766.1_12	nifH	68	278	15	2	1	204	1	278	1.36e-112	899
FJ807383_1	nifH	PMEV01000065.1_15	nifH	70	274	11	2	1	204	1	274	9.4e-117	929
FJ807384_1	nifH	JAFDVZ010000014.1_135	nifH	69	274	15	2	1	204	1	274	9.88e-114	907
FJ807385_1	nifH	JAEUNY010000115.1_1	nifH	86	224	11	2	1	204	1	224	2.25e-121	959
FJ824661_1	nifH	NZ_JAFG01000014.1_1	nifH	74	266	18	2	1	218	1	264	3.51e-122	969
FJ858186_1	nifH	DKBO01000264.1_9	nifH	59	224	22	1	1	154	1	224	1.56e-76	628
FM178862_1	nifH	NZ_JAILYH010000057.1_2	nifH	77	242	10	2	1	196	1	242	1.7e-112	895
FM202369_1	nifH	NZ_JADPKS010000116.1_28	nifH	87	296	3	2	1	260	1	296	4.73e-162	1265
FN543999_1	nifH	NZ_BADL01000543.1_38	nifH	68	263	10	2	1	189	1	263	1.11e-104	839
FN544004_1	nifH	NZ_BADL01000543.1_38	nifH	66	263	15	2	1	189	1	263	6.15e-102	819
FN649326_1	nifH	JAEUNY010000115.1_1	nifH	60	224	8	2	1	142	1	224	1.59e-73	605
FP929036_1	nifH	CADAHD010000483.1_2	nflH	87	291	36	1	1	290	1	291	1.11e-169	1317
FP929038_1	nifH	DEPS01000139.1_36	nflH	53	285	44	2	1	202	1	277	1.34e-81	667
FP929054_1	nifH	DEPS01000139.1_36	nflH	70	280	53	2	1	252	1	277	1.15e-123	978
FQ859181_1	nifH	NC_015717.1_3380	nifH	99	294	1	1	1	293	1	294	1.41e-190	1475
FR695868_1	nifH	JAHIFE010000121.1_54	nifH	86	274	5	1	1	242	1	274	2.37e-151	1184
FR822670_1	nifH	NZ_AJTV01000023.1_11	vnfH	50	291	7	2	1	152	1	291	1.02e-72	591
FR850698_1	nifH	NZ_JAILYJ010000053.1_1	nifH	62	242	24	2	1	173	1	242	1.92e-82	674
FR850741_1	nifH	NZ_LXFU01000028.1_113	nifH	69	295	9	2	1	214	1	295	2.62e-119	950
FR850746_1	nifH	CCRI01000031.1_17	nifH	82	298	0	2	1	245	1	298	3.83e-149	1170
FR850755_1	nifH	NZ_CP015322.1_414	nifH	78	297	11	2	1	244	1	297	7.05e-142	1117
FR850766_1	nifH	NZ_MXPU01000067.1_1	nifH	85	267	7	3	1	244	1	257	4.36e-140	1101
GG693862_1	nifH	DGKK01000015.1_34	nifH	100	291	0	1	1	290	1	291	1.92e-188	1459
GQ226014_1	nifH	NZ_JAILYJ010000053.1_1	nifH	73	242	13	2	1	190	1	242	4.11e-106	848
GQ241900_1	nifH	ONEQ01000111.1_8	nifH	53	232	3	2	1	127	1	232	1.36e-61	517
GQ241912_1	nifH	ONEQ01000111.1_8	nifH	53	232	5	2	1	127	1	232	1.69e-60	509
GQ289566_1	nifH	PLAY01000022.1_18	nifH	54	274	5	2	1	153	1	274	3.55e-77	636
GQ289569_1	nifH	JAKAFS010000101.1_1	nifH	62	232	8	3	1	152	1	232	7.48e-78	638
GQ289575_1	nifH	JAKAFS010000101.1_1	nifH	62	232	10	2	1	153	1	232	5.6e-78	639
GQ289582_1	nifH	JACQYN010000073.1_8	nifH	66	221	7	2	1	153	1	221	2.49e-82	670
GQ289583_1	nifH	JACQYN010000073.1_8	nifH	68	221	2	2	1	153	1	221	4.5e-85	690
GQ336836_1	nifH	NZ_AUEZ01000168.1_6	nifH	71	237	14	2	1	182	1	237	6.1e-100	802
GQ477542_1	nifH	JAAXOC010000088.1_32	nifH	81	272	7	1	1	227	1	272	6.15e-138	1085
GQ477544_1	nifH	PQXF01000004.1_158	nifH	79	273	11	2	1	227	1	273	4.86e-135	1064
GQ477545_1	nifH	MZXQ01000108.1_2	nifH	84	269	3	1	1	229	1	269	1.39e-143	1126
GQ503352_1	nifH	SAPZ01000036.1_6	nifH	80	297	6	3	1	245	1	297	3.06e-143	1127
GQ847975_1	nifH	NZ_JAILYH010000057.1_2	nifH	55	242	10	3	1	143	1	242	1.83e-67	562
GQ871231_1	nifH	NZ_JAILYH010000057.1_2	nifH	71	242	13	2	1	186	1	242	4.84e-102	818
GU045472_1	nifH	NZ_SMOD01000089.1_7	nifH	73	293	4	4	1	217	1	293	3.54e-122	971
GU045473_1	nifH	RXJO01000168.1_1	nifH	76	228	18	4	1	217	1	203	1.52e-100	807
GU111792_1	nifH	JAEUNY010000115.1_1	nifH	62	224	16	2	1	155	1	224	3.63e-78	640
GU111805_1	nifH	NC_003030.1_260	nifH	53	272	10	2	1	153	1	272	2.86e-72	600
GU111810_1	nifH	JANTGD010000128.1_12	nifH	57	244	14	6	1	155	1	242	2.04e-68	570
GU111821_1	nifH	NC_009706.1_3067	nifH	54	272	5	2	1	153	1	272	4.23e-76	628
GU111823_1	nifH	NZ_JACJRU010000003.1_292	vnfH	50	296	5	2	1	154	1	296	3.76e-74	602
GU111824_1	nifH	JANTGD010000128.1_12	nifH	59	242	11	4	1	153	1	242	2.78e-75	620
GU111836_1	nifH	JAEWIS010000031.1_334	nifH	51	288	7	2	1	155	1	288	1.09e-71	597
GU111837_1	nifH	PLSZ01000426.1_17	nifH	64	222	7	11	1	154	1	218	6.39e-69	572
GU111838_1	nifH	JAEWIS010000031.1_334	nifH	52	288	5	2	1	155	1	288	3.03e-75	623
GU111841_1	nifH	CAIUXT010000226.1_83	nifH	60	239	11	2	1	154	1	239	1.95e-75	621
GU433547_1	nifH	NZ_JXDL01000001.1_2140	nifH	79	296	1	2	1	236	1	296	7.16e-145	1138
GU810480_1	nifH	JAKACM010000019.1_61	nifH	71	230	34	2	1	197	1	230	5.24e-99	796
GU810482_1	nifH	JAKACM010000019.1_61	nifH	70	230	35	2	1	197	1	230	5.24e-99	796
HE663493_1	nifH	NC_017059.1_2846	nifH	97	302	0	1	1	302	1	292	2.17e-189	1467
HM047127_1	nifH	NZ_LLXZ01000033.1_19	nifH	81	294	1	2	1	239	1	294	2.28e-146	1149
HQ190142_1	nifH	JAIMKR010000006.1_1	nifH	51	247	15	2	1	141	1	247	2.16e-65	547
HQ190144_1	nifH	JAEUNY010000115.1_1	nifH	54	224	10	2	1	131	1	224	2.68e-62	522
HQ259535_1	nifH	NZ_JACOFR010000024.1_50	nifH	75	294	5	2	1	225	1	294	5.78e-132	1043
HQ259541_1	nifH	NZ_VSST01000027.1_69	nifH	74	296	5	2	1	225	1	296	4.05e-131	1037
HQ259543_1	nifH	NZ_CP067101.1_5737	nifH	76	294	2	2	1	225	1	294	2.67e-134	1060
HQ259545_1	nifH	NZ_MAXC01000053.1_56	nifH	74	294	8	2	1	225	1	294	1.09e-131	1041
HQ259563_1	nifH	NZ_CP067102.1_1544	nifH	74	294	7	2	1	225	1	294	1.09e-131	1041
HQ259565_1	nifH	JAEMSD010000080.1_4	nifH	74	294	6	2	1	225	1	294	5.78e-132	1043
J05111_1	nifH	NZ_AJLK01000041.1_8	vnfH	94	299	14	2	1	298	1	295	1.55e-183	1411
JF266686_1	nifH	NZ_JANADR010000001.1_7624	nifH	81	296	4	2	1	245	1	296	3.65e-149	1170
JF266693_1	nifH	NZ_VITY01000016.1_136	nifH	83	294	2	2	1	245	1	294	1.07e-150	1181
JF273730_1	nifH	JABDRL010000192.1_5	nifH	60	291	21	2	1	197	1	291	4.23e-99	801
JF273739_1	nifH	JAKACM010000019.1_61	nifH	57	230	48	2	1	180	1	230	5.69e-71	590
JF450375_1	nifH	NZ_JAILYH010000057.1_2	nifH	52	242	7	2	1	134	1	242	3.07e-62	523
JF970461_1	nifH	NZ_PNOT02000101.1_14	nifH	50	243	11	6	1	132	1	243	2.43e-51	443
JF970498_1	nifH	NZ_JAILYH010000057.1_2	nifH	52	242	9	2	1	134	1	242	5.76e-62	521
JN021929_1	nifH	NZ_HF536778.1_77	nifH	100	297	0	0	1	297	1	297	1.72e-194	1504
JN555752_1	nifH	JAKACM010000019.1_61	nifH	72	230	35	2	1	201	1	230	4.06e-102	819
JN578821_1	nifH	NZ_JAANIH010000004.1_49	nifH	75	294	6	3	1	227	1	294	1.45e-130	1033
JN578823_1	nifH	NZ_JAANIH010000004.1_49	nifH	78	294	15	3	1	244	1	294	1.13e-140	1108
JN578828_1	nifH	NZ_JAFCLP010000015.1_49	nifH	77	294	21	2	1	246	1	294	8.47e-137	1080
JN578829_1	nifH	NZ_CP022219.1_5306	nifH	73	294	30	2	1	245	1	294	2.73e-128	1018
JN578830_1	nifH	NZ_JAFCJZ010000003.1_51	nifH	82	294	5	2	1	245	1	294	1.24e-148	1166
JN578831_1	nifH	NZ_JACOFR010000024.1_50	nifH	65	295	47	8	1	241	1	294	2.35e-103	836
JN578832_1	nifH	NZ_JACOFR010000024.1_50	nifH	70	294	20	6	1	227	1	294	3.83e-116	928
JN578835_1	nifH	CAIUXT010000226.1_83	nifH	69	239	13	2	1	177	1	239	1.5e-96	777
JN578838_1	nifH	NZ_CP088285.1_4502	nifH	70	294	16	3	1	221	1	294	9.19e-117	932
JN578854_1	nifH	RXJJ01000019.1_29	nifH	77	271	28	3	1	243	1	264	3.21e-124	986
JN578855_1	nifH	RXJJ01000019.1_29	nifH	82	264	19	4	1	235	1	264	1.34e-131	1039
JN578859_1	nifH	NZ_CAFJ01000161.1_38	nifH	71	281	43	4	1	247	1	277	1.15e-115	925
JN600442_1	nifH	JANTGD010000128.1_12	nifH	61	242	8	2	1	156	1	242	1.1e-81	667
JN850783_1	nifH	NZ_NWTG01000003.1_80	nifH	84	294	4	4	1	252	1	294	7.5e-152	1190
JQ023589_1	nifH	JAAXWU010000078.1_9	nifH	50	234	12	2	1	129	1	234	8.1e-59	497
JQ032627_1	nifH	NZ_PTJA01000002.1_67	nifH	50	272	0	2	1	135	1	272	7.89e-65	544
JQ349514_1	nifH	NZ_VITY01000016.1_136	nifH	79	294	7	2	1	240	1	294	6.42e-143	1124
JQ349515_1	nifH	NZ_JAANIH010000004.1_49	nifH	80	294	5	2	1	239	1	294	5.4e-145	1139
L77117_1	nifH	NC_000909.1_942	nflH	100	279	0	1	1	278	1	279	1.03e-183	1417
M16709_1	nifH	NC_009937.1_1061	nifH	99	296	1	1	1	295	1	296	4.78e-192	1486
M23528_1	nifH	NC_021149.1_4512	anfH	97	275	8	1	1	274	1	275	9.31e-178	1370
M24596X03916_1	nifH	NZ_CP045302.1_671	vnfH	99	290	2	1	1	289	1	290	1.63e-188	1446
M32371_1	nifH	NC_021149.1_247	vnfH	99	290	1	1	1	289	1	290	4.59e-189	1450
M55228_1	nifH	NZ_JAILYH010000057.1_2	nifH	63	242	10	2	1	163	1	242	6.84e-85	691
NC_003551_1	nifH	NC_003551.1_1529	nflH	100	266	0	1	1	265	1	266	1.11e-173	1342
NC_003552_1	nifH	JAGPMN010000029.1_3	nflH	84	283	41	2	1	282	1	281	5.64e-160	1245
NC_004463_1	nifH	NZ_AUEZ01000168.1_6	nifH	92	237	16	1	1	235	1	237	3.26e-145	1136
NC_005296_1	nifH	NZ_LJIC01000031.1_10	nifH	96	297	9	1	1	295	1	297	5.14e-185	1435
NC_005791_1	nifH	NZ_CP026606.1_930	nflH	94	313	4	1	1	297	1	313	4.13e-191	1475
NC_007681_1	nifH	NC_007681.1_1091	nflH	100	262	0	1	1	261	1	262	1.23e-173	1341
NC_007955_1	nifH	NC_007955.1_1121	nflH	74	264	1	1	1	196	1	264	6.04e-116	916
NC_008346_1	nifH	DEPS01000139.1_36	nflH	51	282	103	3	1	253	1	277	2.08e-88	721
NC_008553_1	nifH	NC_008553.1_1229	nflH	68	271	1	1	1	184	1	271	3.93e-106	844
NC_009051_1	nifH	NC_009051.1_1916	nflH	83	272	0	1	1	227	1	272	1.66e-140	1098
NC_009464_1	nifH	NC_009464.1_1403	nifH	100	274	0	1	1	273	1	274	6.48e-179	1387
NC_009617_1	nifH	NZ_CP073653.1_611	nifH	82	284	0	1	1	232	1	284	2.96e-143	1125
NC_009840_1	nifH	JFLJ01000104.1_3	ChIl	100	295	0	0	1	295	1	295	4.7e-198	1529
NC_009922_1	nifH	JAEDJU010000038.1_5	nflH	58	260	93	4	1	247	1	258	1.71e-92	749
NC_009976_1	nifH	NC_009976.1_540	ChIl	100	296	0	0	1	296	1	296	6.8e-198	1528
NC_011958_1	nifH	NZ_SWJZ01000010.1_20	anfH	96	275	11	1	1	274	1	275	1.61e-176	1361
NZ_AAVO02000001_1_1	nifH	DEPS01000139.1_36	nflH	55	280	41	2	1	197	1	277	2.15e-84	687
NZ_AAVO02000001_2_1	nifH	CAKRDI010000061.1_2	nflH	71	257	71	2	1	254	1	257	2.07e-120	953
NZ_AAVU01000012_1	nifH	NZ_AAVU01000012.1_54	nifH	100	300	0	1	1	299	1	300	5.99e-196	1515
NZ_AAXB02000018_1_1	nifH	DEPS01000139.1_36	nflH	68	280	59	2	1	252	1	277	3.11e-120	953
NZ_AAXB02000018_2_1	nifH	CAKRDI010000061.1_2	nflH	70	280	57	3	1	275	1	257	9.78e-124	979
NZ_AAXW01000004_1	nifH	NZ_AAXW01000004.1_155	nifH	100	290	0	1	1	289	1	290	1.05e-189	1468
NZ_ABCC02000022_1	nifH	SKGM01000067.1_9	nflH	50	260	117	5	1	257	1	251	3.26e-78	645
NZ_ABCC02000036_1	nifH	CAKRDI010000061.1_2	nflH	59	259	102	2	1	258	1	257	8.09e-99	796
NZ_ABEZ02000019_1	nifH	CAKRDI010000061.1_2	nflH	55	284	99	3	1	283	1	257	3.21e-99	801
NZ_ADJQ01000025_1	nifH	NC_014828.1_1561	nifH	100	274	0	1	1	273	1	274	3.44e-179	1389
P0007431_1	nifH	JAGSYV010000023.1_39	anfH	70	223	62	1	1	217	1	223	7.88e-102	809
U49515_1	nifH	AP018180.1_799	vnfH	82	325	41	2	1	306	1	325	2.16e-172	1333
U49859_1	nifH	NZ_CP047242.1_177	nifH	99	296	3	1	1	295	1	296	4.4e-191	1479
U59414_1	nifH	NZ_AORV01000038.1_18	nifH	90	272	25	3	1	269	1	272	1.59e-153	1202
U75887_1	nifH	PLXT01000077.1_54	anfH	64	275	40	1	1	217	1	275	2.32e-114	904
U78306_1	nifH	JABDRL010000192.1_5	nifH	54	291	28	2	1	184	1	291	3.52e-84	691
WP_012595104.1_1	nifH	NC_011726.1_1778	nifH	89	296	1	1	1	264	1	296	2.27e-167	1304
X03777_1	nifH	NZ_JANUCQ010000004.1_52	nflH	99	278	1	1	1	277	1	278	4.1e-185	1427
X06756X07474_1	nifH	NZ_CP009268.1_3730	anfH	79	275	0	1	1	217	1	275	1.17e-135	1059
X06756X07475_1	nifH	NZ_CP009268.1_1372	nifH	85	273	10	1	1	241	1	273	1.47e-146	1149
X07500_1	nifH	NZ_AQXV01000052.1_63	nflH	99	292	1	1	1	291	1	292	3.69e-194	1495
X07866_1	nifH	NC_014034.1_568	nifH	99	295	1	1	1	294	1	295	3.3e-192	1487
X56071_1	nifH	CP099988.1_2314	anfH	74	275	25	1	1	228	1	275	7.48e-131	1025
X70033_1	nifH	NC_014034.1_581	anfH	100	275	0	1	1	274	1	275	1.94e-182	1404
X87971_1	nifH	DAGC01000013.1_93	anfH	65	275	37	1	1	217	1	275	9e-115	907
gi_116696516_1	nifH	NC_008554.1_1041	nifH	100	274	0	1	1	273	1	274	2.5e-179	1390
gi_145408661_1	nifH	NZ_LMVP01000090.1_19	anfH	60	275	53	1	1	217	1	275	2.43e-104	831
gi_149947715_1	nifH	NC_009633.1_3534	nifH	79	272	0	1	1	216	1	272	1.56e-133	1052
gi_182632885_1	nifH	NC_010581.1_486	nifH	100	290	0	1	1	289	1	290	5.13e-189	1463
gi_192282182_1	nifH	NZ_QKQS01000023.1_216	nifH	100	298	0	1	1	297	1	298	1e-191	1484
gi_221562406_1	nifH	NC_011979.1_2573	nifH	99	289	1	1	1	288	1	289	3e-187	1450
gi_242129517_1	nifH	NZ_CM001857.1_2651	anfH	79	275	0	1	1	217	1	275	3.03e-135	1056
gi_257044187_1	nifH	JADKBU010000062.1_19	nifH	94	302	12	4	1	301	1	297	1.41e-179	1396
gi_288909149_1	nifH	NC_013854.1_812	nifH	100	298	0	1	1	297	1	298	6.81e-195	1507
gi_290883107_1	nifH	QKFD01000024.1_189	vnfH	71	259	48	2	1	232	1	259	2.85e-118	928
gi_291582584_1	nifH	JAJXTT010000109.1_3	nifH	99	293	1	2	1	291	1	293	9.3e-187	1447
gi_293612874_1	nifH	NC_014008.1_2849	nifH	100	276	0	1	1	275	1	276	9.24e-182	1408
gi_295433502_1	nifH	JAGSYV010000023.1_39	anfH	69	224	63	2	1	218	1	223	7.4e-101	802
gi_296030128_1	nifH	NZ_LGTE01000008.1_57	nifH	100	272	0	1	1	271	1	272	1.79e-180	1398
gi_296095720_1	nifH	NZ_CP041403.1_76	nifH	73	304	23	1	1	244	1	304	1.91e-136	1078
gi_296923907_1	nifH	NC_014216.1_2470	nifH	100	275	0	1	1	274	1	275	3.94e-180	1396
gi_298231532_1	nifH	JAHHHC010000005.1_41	vnfH	96	296	11	1	1	295	1	296	1.09e-187	1441
gi_298511287_1	nifH	NZ_ACJN02000001.1_320	nifH	100	276	0	1	1	275	1	276	3.02e-180	1397
gi_315468987_1	nifH	DBTI01000267.1_30	anfH	87	275	35	1	1	274	1	275	8.05e-165	1276
gi_316941978_1	nifH	NC_014844.1_1019	nifH	100	275	0	1	1	274	1	275	6.95e-183	1416
gi_49609491_1	nifH	NZ_LXFV01000058.1_82	nifH	100	293	0	1	1	292	1	293	2.17e-192	1488
